{"AUC": 0.8446117387973956, "Accuracy": 0.8659966499162479, "_wandb": {"runtime": 11}}