{"AUC": 0.8031867609360788, "Accuracy": 0.8283917340521114, "confusion_matrix": {"_type": "image-file", "path": "media/images/confusion_matrix_0_4a23793e8367a639c521.png", "sha256": "4a23793e8367a639c521225bc8a50494debc588fd90b91e54f653183f70bb9f8", "size": 18025, "format": "png", "width": 700, "height": 400}, "_runtime": 20, "_timestamp": 1645069655, "_step": 0, "_wandb": {"runtime": 53}}