{"AUC": 0.8175701266422062, "Accuracy": 0.8439269981120201, "confusion_matrix": {"_type": "image-file", "path": "media/images/confusion_matrix_0_f8a1d8b27b586cd63c04.png", "sha256": "f8a1d8b27b586cd63c04a493ffe321c7960aa9764f82862cf5679db150ec4720", "size": 19708, "format": "png", "width": 700, "height": 400}, "_runtime": 16, "_timestamp": 1645069734, "_step": 0, "_wandb": {"runtime": 14}}