{"AUC": 0.8446117387973956, "Accuracy": 0.8659966499162479, "confusion_matrix": {"_type": "image-file", "path": "media/images/confusion_matrix_0_2313fe541561841cdc51.png", "sha256": "2313fe541561841cdc5115b2a650527a30304104e91bc1bd2cb24e8962374c49", "size": 17109, "format": "png", "width": 700, "height": 400}, "_runtime": 10, "_timestamp": 1645063724, "_step": 0, "_wandb": {"runtime": 17}}