{"AUC": 0.8228417266187049, "Accuracy": 0.8463611859838275, "confusion_matrix": {"_type": "image-file", "path": "media/images/confusion_matrix_0_2bdf26436e3ff63748b0.png", "sha256": "2bdf26436e3ff63748b0f5b6d77021e85e594de119b87040eab3c651b670b6d0", "size": 18067, "format": "png", "width": 700, "height": 400}, "_runtime": 17, "_timestamp": 1645065461, "_step": 0, "_wandb": {"runtime": 23}}